Type,Decision,Priority
decision,created draft code,1
decision,updated code,1
decision,changed the design scope to include new feature,1
decision,removed some redundant components,1
decision,Updated draft code,1
logic,included new components in the model,3
decision,Updated draft code,1
decision,removed the 'customApi' component,2
decision,Updated draft code,1
logic,modified the model scope,3
decision,implemented new design pattern,2
decision,removed some redundant components,1
decision,updated code,1
decision,changed the design scope to include new feature,1
decision,removed some redundant components,2
decision,Updated draft code,1
logic,included new components in the model,3
decision,Updated draft code,1
decision,removed the 'customApi' component,1
decision,Updated draft code,2
decision,removed some redundant components,1
decision,Updated draft code,1
decision,Updated draft code,1
decision,updated code,1
decision,changed the design scope to include new feature,1
decision,removed some redundant components,1
decision,Updated draft code,1
logic,included new components in the model,2
decision,Updated draft code,1
decision,removed the 'customApi' component,1
decision,Updated draft code,1
decision,Updated draft code,2
logic,Updated draft code,3
decision,updated code,1
decision,changed the design scope to include new feature,1
decision,removed some redundant components,1
decision,Updated draft code,1
logic,included new components in the model,2
decision,Updated draft code,1
decision,removed the 'customApi' component,1
decision,Updated draft code,2
decision,Updated draft code,1
decision,Updated draft code,1
logic,Updated draft code,3
decision,updated code,1
decision,changed the design scope to include new feature,1
decision,removed some redundant components,1
decision,Updated draft code,1
logic,included new components in the model,2
decision,Updated draft code,1
decision,removed the 'customApi' component,1
decision,removed some redundant components,2
decision,Updated draft code,1
decision,Updated draft code,1
decision,Updated draft code,1
decision,removed some redundant components,1
decision,updated code,1
decision,changed the design scope to include new feature,1
decision,removed some redundant components,2
decision,Updated draft code,1
logic,included new components in the model,3
decision,Updated draft code,1
decision,removed the 'customApi' component,1
decision,Updated draft code,2
decision,Updated draft code,1
decision,updated code,1
decision,changed the design scope to include new feature,1
decision,removed some redundant components,2
decision,Updated draft code,1
logic,included new components in the model,3
decision,Updated draft code,2
decision,removed the 'customApi' component,1
decision,removed some redundant components,1
decision,Updated draft code,1
decision,calculated the quality metrics of the code,1
decision,analyzed the quality metrics,1
logic,created a new component model,3
decision,Updated draft code,1
decision,Updated draft code,1
decision,Updated draft code,1
logic,Updated draft code,3
decision,removed some redundant components,2
decision,Updated draft code,1
decision,Updated draft code,1
decision,calculated the quality metrics of the code,1
decision,analyzed the quality metrics,1
logic,created a new component model,2
decision,Updated draft code,1
decision,Updated draft code,1
logic,Updated draft code,3
decision,Updated draft code,1
decision,calculated the quality metrics of the code,2
decision,analyzed the quality metrics,1
logic,created a new component model,3
decision,Updated draft code,1
logic,Updated draft code,3
decision,Updated draft code,2
decision,removed some redundant components,1
decision,Updated draft code,1
decision,calculated the quality metrics of the code,1
decision,analyzed the quality metrics,1
logic,created a new component model,3
decision,Updated draft code,2
decision,Updated draft code,1
logic,Updated draft code,3
decision,Updated draft code,1
decision,removed some redundant components,1
decision,Updated draft code,1
decision,calculated the quality metrics of the code,1
decision,analyzed the quality metrics,1
logic,created a new component model,3
decision,Updated draft code,2
decision,Updated draft code,1
decision,Updated draft code,1
decision,Updated draft code,1
decision,Updated draft code,2
logic,Updated draft code,3
decision,Updated draft code,2
decision,Updated draft code,1
decision,Updated draft code,1
decision,removed some redundant components,1
decision,Updated draft code,1
decision,Updated draft code,1
logic,Updated draft code,3
decision,Updated draft code,1
decision,Updated draft code,1
decision,removed some redundant components,1
decision,Updated draft code,1
logic,Updated draft code,2
logic,Updated draft code,3
decision,Updated draft code,2
decision,removed some redundant components,1
